id,country,region,venue,url,post_style,status,notes
1,United Kingdom,Europe,UK Business Forums,https://www.ukbusinessforums.co.uk/,forum_or_marketplace,needs_rule_check,"Find current allowed promotion, marketplace, or app/tools section before posting."
2,Ireland,Europe,Boards.ie Business,https://www.boards.ie/categories/business-finance,forum_thread,needs_rule_check,"Post only in a thread/category that allows business tools or promotion."
3,Canada,North America,Canadian Entrepreneur Reddit/Search,https://www.reddit.com/search/?q=Canada%20entrepreneur%20self%20promotion%20startup%20thread&type=link,allowed_thread_search,needs_current_thread,"Use only explicit current self-promotion/startup thread."
4,Australia,Oceania,Australian Business Forum,https://www.businessforum.com.au/,forum_or_directory,needs_rule_check,"Verify advertising/classifieds/vendor rules first."
5,New Zealand,Oceania,Geekzone Business,https://www.geekzone.co.nz/forums.asp?forumid=86,forum_thread,needs_rule_check,"Technology/business forum; use only if app/tool self-promo is allowed."
6,India,Asia,Startup India Showcase,https://www.startupindia.gov.in/,startup_profile,ready,"Government startup ecosystem; profile/listing path may require account."
7,India,Asia,YourStory Submit,https://yourstory.com/,startup_story_submission,needs_rule_check,"Editorial/startup submission; India audience."
8,India,Asia,NextBigWhat,https://nextbigwhat.com/,startup_post_or_submission,ready,"Startup/product community; verify posting account flow."
9,Singapore,Asia,e27,https://e27.co/,startup_profile,ready,"Asia startup profile/community."
10,Singapore,Asia,Tech in Asia Community,https://www.techinasia.com/,startup_story_or_community,needs_rule_check,"Editorial/community; verify submission path."
11,Malaysia,Asia,Malaysia Startup Community Search,https://www.reddit.com/search/?q=Malaysia%20startup%20self%20promotion%20thread&type=link,allowed_thread_search,needs_current_thread,"Use only explicit current promotion thread."
12,Indonesia,Asia,DailySocial,https://dailysocial.id/,startup_submission,needs_rule_check,"Indonesia tech/startup media; verify submission path."
13,Philippines,Asia,Startup PH Search,https://www.reddit.com/search/?q=Philippines%20startup%20self%20promotion%20thread&type=link,allowed_thread_search,needs_current_thread,"Use only explicit current promotion thread."
14,Thailand,Asia,Techsauce,https://techsauce.co/,startup_submission,needs_rule_check,"Thailand startup/media venue; verify submission path."
15,Vietnam,Asia,Vietnam Startup Search,https://www.reddit.com/search/?q=Vietnam%20startup%20self%20promotion%20thread&type=link,allowed_thread_search,needs_current_thread,"Use only explicit current promotion thread."
16,Japan,Asia,Startup DB Japan,https://startup-db.com/,startup_profile,needs_rule_check,"Japan startup database; account/listing may be required."
17,South Korea,Asia,Korea Startup Forum Search,https://www.reddit.com/search/?q=Korea%20startup%20self%20promotion%20thread&type=link,allowed_thread_search,needs_current_thread,"Use only explicit current promotion thread."
18,China,Asia,Product Hunt China/Startup Search,https://www.reddit.com/search/?q=China%20startup%20product%20launch%20community&type=link,allowed_thread_search,needs_current_thread,"Use only explicit allowed launch/promo thread."
19,Hong Kong,Asia,Hong Kong Startup Search,https://www.reddit.com/search/?q=Hong%20Kong%20startup%20self%20promotion%20thread&type=link,allowed_thread_search,needs_current_thread,"Use only explicit current promotion thread."
20,Taiwan,Asia,Taiwan Startup Search,https://www.reddit.com/search/?q=Taiwan%20startup%20self%20promotion%20thread&type=link,allowed_thread_search,needs_current_thread,"Use only explicit current promotion thread."
21,United Arab Emirates,Middle East,Magnitt,https://magnitt.com/,startup_profile,ready,"MENA startup profile/listing; may require account."
22,Saudi Arabia,Middle East,Magnitt Saudi Startup Search,https://magnitt.com/,startup_profile,ready,"Use country targeting/profile where supported."
23,Qatar,Middle East,Qatar Startup Search,https://www.reddit.com/search/?q=Qatar%20startup%20self%20promotion%20thread&type=link,allowed_thread_search,needs_current_thread,"Use only explicit current promotion thread."
24,Bahrain,Middle East,Bahrain Startup Search,https://www.reddit.com/search/?q=Bahrain%20startup%20self%20promotion%20thread&type=link,allowed_thread_search,needs_current_thread,"Use only explicit current promotion thread."
25,Kuwait,Middle East,Kuwait Startup Search,https://www.reddit.com/search/?q=Kuwait%20startup%20self%20promotion%20thread&type=link,allowed_thread_search,needs_current_thread,"Use only explicit current promotion thread."
26,Oman,Middle East,Oman Startup Search,https://www.reddit.com/search/?q=Oman%20startup%20self%20promotion%20thread&type=link,allowed_thread_search,needs_current_thread,"Use only explicit current promotion thread."
27,Israel,Middle East,Startup Nation Central,https://finder.startupnationcentral.org/,startup_profile,needs_rule_check,"Israel startup ecosystem listing; verify eligibility."
28,Turkey,Middle East,StartupTeknoloji,https://startupteknoloji.com/,startup_submission,needs_rule_check,"Turkey startup/media venue; verify submission path."
29,Germany,Europe,Deutsche Startups,https://www.deutsche-startups.de/,startup_submission,needs_rule_check,"Germany startup media; verify tip/submission path."
30,France,Europe,Maddyness,https://www.maddyness.com/,startup_submission,needs_rule_check,"France startup media; verify submission path."
31,Spain,Europe,Startupxplore,https://startupxplore.com/,startup_profile,ready,"Spain/EU startup profile platform."
32,Portugal,Europe,Portugal Startups Search,https://www.reddit.com/search/?q=Portugal%20startup%20self%20promotion%20thread&type=link,allowed_thread_search,needs_current_thread,"Use only explicit current promotion thread."
33,Italy,Europe,StartupItalia,https://startupitalia.eu/,startup_submission,needs_rule_check,"Italy startup media; verify submission path."
34,Netherlands,Europe,StartupJuncture,https://startupjuncture.com/,startup_submission,needs_rule_check,"Netherlands startup media; verify submission path."
35,Belgium,Europe,Belgium Startup Search,https://www.reddit.com/search/?q=Belgium%20startup%20self%20promotion%20thread&type=link,allowed_thread_search,needs_current_thread,"Use only explicit current promotion thread."
36,Switzerland,Europe,Startupticker,https://www.startupticker.ch/,startup_submission,needs_rule_check,"Swiss startup listing/news; verify submission path."
37,Austria,Europe,Trending Topics,https://www.trendingtopics.eu/,startup_submission,needs_rule_check,"Austria/DACH startup media; verify submission path."
38,Poland,Europe,MamStartup,https://mamstartup.pl/,startup_submission,needs_rule_check,"Poland startup media; verify submission path."
39,Czech Republic,Europe,CzechCrunch,https://cc.cz/,startup_submission,needs_rule_check,"Czech startup/business media; verify submission path."
40,Slovakia,Europe,Startitup,https://www.startitup.sk/,startup_submission,needs_rule_check,"Slovakia startup media; verify submission path."
41,Hungary,Europe,Hungary Startup Search,https://www.reddit.com/search/?q=Hungary%20startup%20self%20promotion%20thread&type=link,allowed_thread_search,needs_current_thread,"Use only explicit current promotion thread."
42,Romania,Europe,Start-Up.ro,https://start-up.ro/,startup_submission,needs_rule_check,"Romania startup media; verify submission path."
43,Bulgaria,Europe,Trending Topics SEE,https://www.trendingtopics.eu/,startup_submission,needs_rule_check,"SEE startup media; verify country fit."
44,Greece,Europe,Startupper,https://startupper.gr/,startup_submission,needs_rule_check,"Greece startup media; verify submission path."
45,Cyprus,Europe,Cyprus Startup Search,https://www.reddit.com/search/?q=Cyprus%20startup%20self%20promotion%20thread&type=link,allowed_thread_search,needs_current_thread,"Use only explicit current promotion thread."
46,Malta,Europe,Malta Startup Search,https://www.reddit.com/search/?q=Malta%20startup%20self%20promotion%20thread&type=link,allowed_thread_search,needs_current_thread,"Use only explicit current promotion thread."
47,Sweden,Europe,ArcticStartup,https://arcticstartup.com/,startup_submission,ready,"Nordic/Baltic startup media/listing."
48,Norway,Europe,ArcticStartup Norway,https://arcticstartup.com/,startup_submission,ready,"Nordic startup venue; use country angle."
49,Denmark,Europe,ArcticStartup Denmark,https://arcticstartup.com/,startup_submission,ready,"Nordic startup venue; use country angle."
50,Finland,Europe,ArcticStartup Finland,https://arcticstartup.com/,startup_submission,ready,"Nordic startup venue; use country angle."
51,Iceland,Europe,ArcticStartup Iceland,https://arcticstartup.com/,startup_submission,ready,"Nordic startup venue; use country angle."
52,Estonia,Europe,ArcticStartup Estonia,https://arcticstartup.com/,startup_submission,ready,"Baltic startup venue; use country angle."
53,Latvia,Europe,ArcticStartup Latvia,https://arcticstartup.com/,startup_submission,ready,"Baltic startup venue; use country angle."
54,Lithuania,Europe,ArcticStartup Lithuania,https://arcticstartup.com/,startup_submission,ready,"Baltic startup venue; use country angle."
55,Ukraine,Europe,AIN.UA,https://ain.ua/,startup_submission,needs_rule_check,"Ukraine tech/startup media; verify submission path."
56,Georgia,Europe/Asia,Georgia Startup Search,https://www.reddit.com/search/?q=Georgia%20country%20startup%20self%20promotion%20thread&type=link,allowed_thread_search,needs_current_thread,"Use only explicit current promotion thread."
57,Armenia,Europe/Asia,Armenia Startup Search,https://www.reddit.com/search/?q=Armenia%20startup%20self%20promotion%20thread&type=link,allowed_thread_search,needs_current_thread,"Use only explicit current promotion thread."
58,Azerbaijan,Europe/Asia,Azerbaijan Startup Search,https://www.reddit.com/search/?q=Azerbaijan%20startup%20self%20promotion%20thread&type=link,allowed_thread_search,needs_current_thread,"Use only explicit current promotion thread."
59,South Africa,Africa,Ventureburn,https://ventureburn.com/,startup_submission,needs_rule_check,"South African startup/media venue; verify submission path."
60,Nigeria,Africa,Techpoint Africa,https://techpoint.africa/,startup_submission,needs_rule_check,"Nigeria/Africa tech media; verify submission path."
61,Kenya,Africa,Techweez,https://techweez.com/,startup_submission,needs_rule_check,"Kenya tech media; verify submission path."
62,Ghana,Africa,Ghana Startup Search,https://www.reddit.com/search/?q=Ghana%20startup%20self%20promotion%20thread&type=link,allowed_thread_search,needs_current_thread,"Use only explicit current promotion thread."
63,Egypt,Africa,Magnitt Egypt,https://magnitt.com/,startup_profile,ready,"MENA startup profile; country target Egypt."
64,Morocco,Africa,Magnitt Morocco,https://magnitt.com/,startup_profile,ready,"MENA startup profile; country target Morocco."
65,Tunisia,Africa,Tunisia Startup Search,https://www.reddit.com/search/?q=Tunisia%20startup%20self%20promotion%20thread&type=link,allowed_thread_search,needs_current_thread,"Use only explicit current promotion thread."
66,Ethiopia,Africa,Ethiopia Startup Search,https://www.reddit.com/search/?q=Ethiopia%20startup%20self%20promotion%20thread&type=link,allowed_thread_search,needs_current_thread,"Use only explicit current promotion thread."
67,Rwanda,Africa,Rwanda Startup Search,https://www.reddit.com/search/?q=Rwanda%20startup%20self%20promotion%20thread&type=link,allowed_thread_search,needs_current_thread,"Use only explicit current promotion thread."
68,Uganda,Africa,Uganda Startup Search,https://www.reddit.com/search/?q=Uganda%20startup%20self%20promotion%20thread&type=link,allowed_thread_search,needs_current_thread,"Use only explicit current promotion thread."
69,Tanzania,Africa,Tanzania Startup Search,https://www.reddit.com/search/?q=Tanzania%20startup%20self%20promotion%20thread&type=link,allowed_thread_search,needs_current_thread,"Use only explicit current promotion thread."
70,Senegal,Africa,Senegal Startup Search,https://www.reddit.com/search/?q=Senegal%20startup%20self%20promotion%20thread&type=link,allowed_thread_search,needs_current_thread,"Use only explicit current promotion thread."
71,Brazil,Latin America,StartSe,https://www.startse.com/,startup_submission,needs_rule_check,"Brazil startup/business media; verify submission path."
72,Argentina,Latin America,Contxto,https://contxto.com/,startup_submission,needs_rule_check,"Latin America startup media; verify submission path."
73,Chile,Latin America,Start-Up Chile,https://startupchile.org/,startup_profile_or_community,needs_rule_check,"Chile startup ecosystem; verify profile/community path."
74,Colombia,Latin America,Apps.co,https://apps.co/,startup_profile_or_community,needs_rule_check,"Colombia startup ecosystem; verify listing path."
75,Mexico,Latin America,Contxto Mexico,https://contxto.com/,startup_submission,needs_rule_check,"Latin America startup media; use Mexico angle."
76,Peru,Latin America,Peru Startup Search,https://www.reddit.com/search/?q=Peru%20startup%20self%20promotion%20thread&type=link,allowed_thread_search,needs_current_thread,"Use only explicit current promotion thread."
77,Ecuador,Latin America,Ecuador Startup Search,https://www.reddit.com/search/?q=Ecuador%20startup%20self%20promotion%20thread&type=link,allowed_thread_search,needs_current_thread,"Use only explicit current promotion thread."
78,Uruguay,Latin America,Uruguay Startup Search,https://www.reddit.com/search/?q=Uruguay%20startup%20self%20promotion%20thread&type=link,allowed_thread_search,needs_current_thread,"Use only explicit current promotion thread."
79,Paraguay,Latin America,Paraguay Startup Search,https://www.reddit.com/search/?q=Paraguay%20startup%20self%20promotion%20thread&type=link,allowed_thread_search,needs_current_thread,"Use only explicit current promotion thread."
80,Bolivia,Latin America,Bolivia Startup Search,https://www.reddit.com/search/?q=Bolivia%20startup%20self%20promotion%20thread&type=link,allowed_thread_search,needs_current_thread,"Use only explicit current promotion thread."
81,Costa Rica,Latin America,Costa Rica Startup Search,https://www.reddit.com/search/?q=Costa%20Rica%20startup%20self%20promotion%20thread&type=link,allowed_thread_search,needs_current_thread,"Use only explicit current promotion thread."
82,Panama,Latin America,Panama Startup Search,https://www.reddit.com/search/?q=Panama%20startup%20self%20promotion%20thread&type=link,allowed_thread_search,needs_current_thread,"Use only explicit current promotion thread."
83,Dominican Republic,Caribbean,Dominican Startup Search,https://www.reddit.com/search/?q=Dominican%20Republic%20startup%20self%20promotion%20thread&type=link,allowed_thread_search,needs_current_thread,"Use only explicit current promotion thread."
84,Jamaica,Caribbean,Jamaica Startup Search,https://www.reddit.com/search/?q=Jamaica%20startup%20self%20promotion%20thread&type=link,allowed_thread_search,needs_current_thread,"Use only explicit current promotion thread."
85,Trinidad and Tobago,Caribbean,Trinidad Startup Search,https://www.reddit.com/search/?q=Trinidad%20startup%20self%20promotion%20thread&type=link,allowed_thread_search,needs_current_thread,"Use only explicit current promotion thread."
86,Barbados,Caribbean,Barbados Startup Search,https://www.reddit.com/search/?q=Barbados%20startup%20self%20promotion%20thread&type=link,allowed_thread_search,needs_current_thread,"Use only explicit current promotion thread."
87,Japan,Asia,Product Hunt Japan Search,https://www.producthunt.com/launch,launch_submission,ready,"Use Product Hunt launch with Japan-localized outreach angle if targeting Japan."
88,Germany,Europe,Product Hunt Germany Search,https://www.producthunt.com/launch,launch_submission,ready,"Use Product Hunt launch with Germany-localized outreach angle."
89,France,Europe,Product Hunt France Search,https://www.producthunt.com/launch,launch_submission,ready,"Use Product Hunt launch with France-localized outreach angle."
90,Spain,Europe,Product Hunt Spain Search,https://www.producthunt.com/launch,launch_submission,ready,"Use Product Hunt launch with Spain-localized outreach angle."
91,Brazil,Latin America,Product Hunt Brazil Search,https://www.producthunt.com/launch,launch_submission,ready,"Use Product Hunt launch with Brazil-localized outreach angle."
92,India,Asia,Product Hunt India Search,https://www.producthunt.com/launch,launch_submission,ready,"Use Product Hunt launch with India-localized outreach angle."
93,Australia,Oceania,Product Hunt Australia Search,https://www.producthunt.com/launch,launch_submission,ready,"Use Product Hunt launch with Australia-localized outreach angle."
94,Canada,North America,Product Hunt Canada Search,https://www.producthunt.com/launch,launch_submission,ready,"Use Product Hunt launch with Canada-localized outreach angle."
95,United Kingdom,Europe,Product Hunt UK Search,https://www.producthunt.com/launch,launch_submission,ready,"Use Product Hunt launch with UK-localized outreach angle."
96,South Africa,Africa,Product Hunt South Africa Search,https://www.producthunt.com/launch,launch_submission,ready,"Use Product Hunt launch with South Africa-localized outreach angle."
97,Global,Worldwide,StartupBlink Global Map,https://www.startupblink.com/,startup_profile,ready,"Global profile can be country-tagged."
98,Global,Worldwide,F6S Global Startup Profile,https://www.f6s.com/,startup_profile,ready,"Global startup profile can include location/category."
99,Global,Worldwide,Wellfound Global Profile,https://wellfound.com/,startup_profile,ready,"Global startup profile with location/category."
100,Global,Worldwide,Crunchbase Global Profile,https://www.crunchbase.com/,company_profile,ready,"Global profile with country/location fields."
