id,priority,type,venue,url,post_style,status,notes
1,1,reddit-thread,r/devworld current drop thread,https://www.reddit.com/r/devworld/comments/1to4fq8/drop_your_startupproject_ill_check_every_single/,comment,ready,"Explicitly invites startup/project links; current on 2026-05-26."
2,1,reddit-community,r/droidappshowcase,https://www.reddit.com/r/droidappshowcase/,standalone_post,ready,"Android app showcase community; created for app promos/showcases."
3,1,reddit-thread,r/androidapps self-promotion megathread,https://www.reddit.com/r/androidapps/comments/1swnqog/self_promotion_megathread/,comment,ready,"Use megathread only; standalone self-promo removed."
4,1,reddit-thread,r/buildinpublic current drop thread,https://www.reddit.com/r/buildinpublic/comments/1tiui0g/drop_your_startup_ill_personally_check_every/,comment,ready,"Explicitly invites startup links."
5,1,reddit-thread,r/startupaccelerator current drop thread,https://www.reddit.com/r/startupaccelerator/comments/1teikwh/drop_your_startup_ill_check_every_single_one_and/,comment,ready,"Explicitly invites startup links."
6,1,reddit-thread,r/SaaSSolopreneurs current drop thread,https://www.reddit.com/r/SaaSSolopreneurs/comments/1tf2u9p/drop_your_startup_ill_check_every_single_one_and/,comment,ready,"Explicitly invites startup links."
7,1,reddit-thread,r/saasbuild current drop thread,https://www.reddit.com/r/saasbuild/comments/1tf2oob/drop_your_startup_ill_check_every_single_one_and/,comment,ready,"Explicitly invites startup links."
8,1,reddit-thread,r/micro_saas self-promo thread,https://www.reddit.com/r/micro_saas/comments/1so6oww/drop_your_startup_belowlets_self_promote/,comment,ready,"Explicitly says self promote."
9,2,reddit-thread,r/PublicValidation share startup thread,https://www.reddit.com/r/PublicValidation/comments/1rfp0md/share_your_startup/,comment,ready,"Share-startup thread; older but relevant."
10,2,reddit-thread,r/ProductHuntLaunches product thread,https://www.reddit.com/r/ProductHuntLaunches/comments/1pi9611/show_me_your_product_what_are_you_building_how/,comment,ready,"Product drop thread; older but relevant."
11,2,reddit-community,r/smallbusiness promotion thread search,https://www.reddit.com/r/smallbusiness/search/?q=Promote%20your%20business&restrict_sr=1&sort=new,comment_in_current_thread,needs_current_thread,"Use only current Promote Your Business thread; no standalone advert."
12,2,reddit-community,r/betatests,https://www.reddit.com/r/betatests/,standalone_post_or_comment,needs_rule_check,"Makers can post products for feedback per search result; verify sidebar before posting."
13,2,reddit-community,r/AndroidClosedTesting,https://www.reddit.com/r/AndroidClosedTesting/,post_or_comment,needs_rule_check,"Use only if feedback/tester exchange wording is allowed; do not spam opt-in link."
14,2,reddit-community,r/alphaandbetausers,https://www.reddit.com/r/alphaandbetausers/,post_or_comment,needs_rule_check,"Beta user community from existing FieldBill target list."
15,2,reddit-community,r/TestersCommunity,https://www.reddit.com/r/TestersCommunity/,post_or_comment,needs_rule_check,"Tester community; verify current rules."
16,2,reddit-community,r/SaaSMarketing,https://www.reddit.com/r/SaaSMarketing/search/?q=drop%20your%20startup&restrict_sr=1&sort=new,comment_in_drop_thread,needs_current_thread,"Post only in explicit drop/promo thread."
17,2,reddit-community,r/Solopreneur,https://www.reddit.com/r/Solopreneur/search/?q=drop%20your%20startup&restrict_sr=1&sort=new,comment_in_drop_thread,needs_current_thread,"Search found drop-your-startup style posts."
18,2,reddit-community,r/ShowMeYourSaaS,https://www.reddit.com/r/ShowMeYourSaaS/search/?q=drop%20your%20startup&restrict_sr=1&sort=new,comment_in_drop_thread,needs_current_thread,"Post only in explicit product-drop thread."
19,2,reddit-community,r/ProductHunters,https://www.reddit.com/r/ProductHunters/,post_or_comment,needs_rule_check,"Product Hunt launch audience; use value/feedback angle."
20,2,reddit-community,r/indiehackers,https://www.reddit.com/r/indiehackers/,post_or_comment,needs_rule_check,"Founder audience; avoid link dump."
21,3,reddit-community,r/startups promotion/share thread search,https://www.reddit.com/r/startups/search/?q=share%20your%20startup&restrict_sr=1&sort=new,comment_in_allowed_thread,needs_current_thread,"Use only official/share thread if present."
22,3,reddit-community,r/EntrepreneurRideAlong,https://www.reddit.com/r/EntrepreneurRideAlong/,post_or_comment,needs_rule_check,"Use founder story/field-service feedback angle if allowed."
23,3,reddit-community,r/sideproject,https://www.reddit.com/r/SideProject/,post_or_comment,needs_rule_check,"Side project community; verify promotion rules."
24,3,reddit-community,r/AppBusiness,https://www.reddit.com/r/AppBusiness/,post_or_comment,needs_rule_check,"Mobile app/business audience; verify rules."
25,3,reddit-community,r/AppHookup,https://www.reddit.com/r/AppHookup/,post_or_comment,needs_rule_check,"Only if app promo/deal format fits; avoid if discount-code only."
26,3,reddit-community,r/ProductivityApps,https://www.reddit.com/r/ProductivityApps/,post_or_comment,needs_rule_check,"Search result says self-promotion allowed if useful; verify current rules."
27,3,reddit-community,r/webscraping monthly self-promo,https://www.reddit.com/r/webscraping/search/?q=monthly%20self-promotion&restrict_sr=1&sort=new,comment_in_current_thread,low_fit,"Allowed self-promo thread, but low fit unless framed as field lead/invoice workflow."
28,3,reddit-community,r/fintech self-promo thread,https://www.reddit.com/r/fintech/search/?q=self-promotion&restrict_sr=1&sort=new,comment_in_current_thread,low_fit,"Allowed weekly self-promo; low fit, invoice/payment-adjacent."
29,3,reddit-community,r/businessideas,https://www.reddit.com/r/businessideas/,post_or_comment,needs_rule_check,"Use only if app validation/promote thread exists."
30,3,reddit-community,r/SmallBusinessOwners,https://www.reddit.com/r/smallbusinessowner/,post_or_comment,needs_rule_check,"Small-business audience; verify promotion rules."
31,1,directory,Product Hunt,https://www.producthunt.com/launch,launch_submission,ready,"Public product launch/backlink."
32,1,directory,AlternativeTo,https://alternativeto.net/,product_submission,ready,"List FieldBill as alternative to invoice apps."
33,1,directory,SaaSHub,https://www.saashub.com/,product_submission,ready,"Software directory/backlink."
34,1,directory,Startup Buffer,https://startupbuffer.com/,startup_submission,ready,"Submit startup path surfaced in search."
35,1,directory,Startup List,https://startup-list.org/,startup_submission,ready,"Free startup submission path surfaced in search."
36,1,directory,AppBrain,https://www.appbrain.com/,app_listing_or_claim,ready,"Android app discovery; check existing package listing."
37,1,directory,BetaList,https://betalist.com/,startup_submission,ready,"Early user feedback/listing."
38,1,directory,Launching Next,https://www.launchingnext.com/,startup_submission,ready,"Startup/app launch directory."
39,1,directory,Indie Hackers,https://www.indiehackers.com/,post_or_product,ready,"Founder community; use story/feedback."
40,1,directory,Hacker News Show HN,https://news.ycombinator.com/show,show_hn_post,ready,"Post only once; technical/maker audience."
41,2,directory,Crunchbase,https://www.crunchbase.com/,company_profile,ready,"Company/product visibility."
42,2,directory,Wellfound,https://wellfound.com/,company_profile,ready,"Startup profile."
43,2,directory,F6S,https://www.f6s.com/,startup_profile,ready,"Startup profile/listing."
44,2,directory,Devpost,https://devpost.com/,project_profile,ready,"Project profile; fit depends on app/project category."
45,2,directory,StackShare,https://stackshare.io/,stack_or_company_profile,ready,"Tech/startup profile."
46,2,directory,SourceForge,https://sourceforge.net/,project_listing,low_fit,"Better for open-source/software downloads; use only if fit accepted."
47,2,directory,G2,https://www.g2.com/,software_listing,ready,"B2B software listing; may require vendor verification."
48,2,directory,Capterra,https://www.capterra.com/vendors/sign-up,software_listing,ready,"Software directory; may require vendor verification."
49,2,directory,GetApp,https://www.getapp.com/vendors/,software_listing,ready,"Software directory; may require vendor verification."
50,2,directory,Software Advice,https://www.softwareadvice.com/vendors/,software_listing,ready,"Software directory; may require vendor verification."
51,2,directory,TrustRadius,https://www.trustradius.com/vendor,software_listing,ready,"Software directory; may require vendor verification."
52,2,directory,Crozdesk,https://crozdesk.com/,software_listing,ready,"Software directory."
53,2,directory,SaaSworthy,https://www.saasworthy.com/,software_listing,ready,"SaaS/software directory."
54,2,directory,SoftwareSuggest,https://www.softwaresuggest.com/,software_listing,ready,"Software directory."
55,2,directory,SoftwareWorld,https://www.softwareworld.co/,software_listing,ready,"Software directory."
56,2,directory,Tekpon,https://tekpon.com/,software_listing,ready,"Software directory."
57,2,directory,Serchen,https://www.serchen.com/,software_listing,ready,"Software directory."
58,2,directory,CrowdReviews,https://www.crowdreviews.com/,software_listing,ready,"Software directory."
59,2,directory,FinancesOnline,https://financesonline.com/,software_listing,ready,"Software directory; invoice/productivity angle."
60,2,directory,Sitejabber,https://www.sitejabber.com/,business_profile,ready,"Business/review profile."
61,3,directory,Startup Stash,https://startupstash.com/,tool_submission,ready,"Startup tool directory."
62,3,directory,Side Projectors,https://www.sideprojectors.com/,project_listing,ready,"Side project marketplace/listing."
63,3,directory,Uneed,https://www.uneed.best/,product_submission,ready,"Product launch directory."
64,3,directory,Peerlist,https://peerlist.io/,project_or_profile,ready,"Maker/product profile."
65,3,directory,DevHunt,https://devhunt.org/,product_submission,ready,"Developer product launch directory."
66,3,directory,Tiny Startups,https://www.tinystartups.com/,startup_submission,ready,"Small startup directory."
67,3,directory,Startup Ranking,https://www.startupranking.com/,startup_profile,ready,"Startup directory/ranking."
68,3,directory,StartupBase,https://startupbase.io/,startup_submission,ready,"Startup directory."
69,3,directory,Startup Inspire,https://www.startupinspire.com/,startup_submission,ready,"Startup gallery/directory."
70,3,directory,Startup Tracker,https://startuptracker.io/,startup_submission,ready,"Startup directory."
71,3,directory,StartupLift,https://startuplift.com/,startup_submission,ready,"Startup directory."
72,3,directory,The Startup Pitch,https://thestartuppitch.com/,startup_pitch,ready,"Startup pitch directory."
73,3,directory,StartupBlink,https://www.startupblink.com/,startup_profile,ready,"Global startup map/profile."
74,3,directory,StartupNation,https://startupnation.com/,community_or_profile,ready,"Small business/startup community."
75,3,directory,Feedough,https://www.feedough.com/,startup_submission,ready,"Startup/media directory."
76,3,directory,TechPluto,https://www.techpluto.com/,startup_submission,ready,"Startup/news submission."
77,3,directory,EU-Startups,https://www.eu-startups.com/,startup_submission,ready,"EU startup audience; may be editorial."
78,3,directory,e27,https://e27.co/,startup_profile,ready,"Asia startup ecosystem profile."
79,3,directory,Inc42,https://inc42.com/,startup_submission,ready,"India startup/media; may be editorial."
80,3,directory,ArcticStartup,https://arcticstartup.com/,startup_submission,ready,"Nordic/Baltic startup audience; may be editorial."
81,3,directory,NextBigWhat,https://nextbigwhat.com/,startup_submission,ready,"India/startup audience."
82,3,directory,Magnitt,https://magnitt.com/,startup_profile,ready,"MENA startup profile."
83,3,directory,InnMind,https://innmind.com/,startup_profile,ready,"Startup/investor platform."
84,3,directory,BetaBound,https://www.betabound.com/,beta_submission,ready,"Beta testing community."
85,3,directory,BetaPage,https://betapage.co/,startup_submission,ready,"Startup/product directory."
86,3,directory,Betapage alternative listing,https://betapage.co/submit-startup,startup_submission,ready,"Direct submit path if available."
87,3,directory,AppAgg,https://appagg.com/,app_listing_or_claim,ready,"Mobile app discovery/listing."
88,3,directory,AppVita,https://www.appvita.com/,software_submission,ready,"App/software directory."
89,3,directory,Apps Mamma,https://appsmamma.com/,app_submission,ready,"App listing/review directory."
90,3,directory,Tapscape,https://www.tapscape.com/,app_submission_or_tip,ready,"App/news submission."
91,3,directory,GiveMeApps,https://givemeapps.com/promote.php,app_promotion_submission,ready,"Android/iOS app promotion service; check free vs paid."
92,3,directory,Softonic,https://en.softonic.com/,app_listing_or_tip,ready,"App discovery; may require publisher/listing path."
93,3,directory,Alternative.me,https://alternative.me/,product_submission,ready,"Alternative listing."
94,3,directory,Slant,https://www.slant.co/,product_recommendation,ready,"Recommendation/Q&A format; avoid spam."
95,3,directory,SimilarSiteSearch,https://www.similarsitesearch.com/,site_submission,ready,"Alternative-site listing."
96,3,directory,Webwiki,https://www.webwiki.com/,site_submission_or_claim,ready,"Website listing."
97,3,directory,All My Faves,https://www.allmyfaves.com/,site_submission,ready,"Website listing."
98,3,directory,OpenFuture,https://openfuture.ai/,product_submission,low_fit,"AI-heavy directory; use only if accepted as app/tool."
99,3,directory,Fazier,https://fazier.com/,launch_submission,ready,"Startup/SaaS/app launch directory."
100,3,directory,Launch Llama,https://launchllama.co/,startup_submission,ready,"Free startup launch/directory platform surfaced in search."
