date,channel,target,url,status,response,install_signal,user_type,objection,feature_request,next_follow_up,notes
2026-05-26,planning,worldwide Android campaign,https://play.google.com/store/apps/details?id=com.fieldbill.app,ready,,,,,,,Created campaign queue; no outreach sent by Codex.
2026-05-26,email,info@dgekc.com,https://play.google.com/store/apps/details?id=com.fieldbill.app,sent,message_id 19e65d0241c4874a,,electrical contractor,,,,"Advert sent from Gmail as individual outreach."
2026-05-26,email,info.electrickansascity@gmail.com,https://play.google.com/store/apps/details?id=com.fieldbill.app,sent,message_id 19e65d042f0e4a26,,electrical contractor,,,,"Advert sent from Gmail as individual outreach."
2026-05-26,email,westhues@westhues.com,https://play.google.com/store/apps/details?id=com.fieldbill.app,sent,message_id 19e65d05f4eb73a2,,electrical contractor,,,,"Advert sent from Gmail as individual outreach."
2026-05-26,email,info@kansascityelectricians.com,https://play.google.com/store/apps/details?id=com.fieldbill.app,sent,message_id 19e65d07ad4d0a23,,electrical contractor,,,,"Advert sent from Gmail as individual outreach."
2026-05-26,email,office@exceptionalelectric.com,https://play.google.com/store/apps/details?id=com.fieldbill.app,sent,message_id 19e65d096a86c68e,,electrical contractor,,,,"Advert sent from Gmail as individual outreach."
2026-05-26,email,phil@midamericaelectric.com,https://play.google.com/store/apps/details?id=com.fieldbill.app,sent,message_id 19e65d0b4183c076,,electrical contractor,,,,"Advert sent from Gmail as individual outreach."
2026-05-26,email,info@prante.com,https://play.google.com/store/apps/details?id=com.fieldbill.app,sent,message_id 19e65d0cec815d58,,electrical contractor,,,,"Advert sent from Gmail as individual outreach."
2026-05-26,email,polaritysolar@gmail.com,https://play.google.com/store/apps/details?id=com.fieldbill.app,sent,message_id 19e65d0ea30a845c,,solar contractor,,,,"Advert sent from Gmail as individual outreach."
2026-05-26,email,rayo@solarrichpower.com,https://play.google.com/store/apps/details?id=com.fieldbill.app,sent,message_id 19e65d10471cf107,,solar contractor,,,,"Advert sent from Gmail as individual outreach."
2026-05-26,email,40LAVERNFRAZIER@gmail.com,https://play.google.com/store/apps/details?id=com.fieldbill.app,sent,message_id 19e65d12059eff92,,electrical contractor,,,,"Advert sent from Gmail as individual outreach."
2026-05-26,email,garrettsmith837@gmail.com,https://play.google.com/store/apps/details?id=com.fieldbill.app,sent,message_id 19e65d13ed7d3a26,,electrical contractor,,,,"Advert sent from Gmail as individual outreach."
2026-05-26,email,greentechelectrical@yahoo.com,https://play.google.com/store/apps/details?id=com.fieldbill.app,sent,message_id 19e65d15aa9e6552,,electrical contractor,,,,"Advert sent from Gmail as individual outreach."
2026-05-26,email,garrett@dreyerelectric.com,https://play.google.com/store/apps/details?id=com.fieldbill.app,sent,message_id 19e65d177a41f168,,electrical contractor,,,,"Advert sent from Gmail as individual outreach."
2026-05-26,email,petekluesner@yahoo.com,https://play.google.com/store/apps/details?id=com.fieldbill.app,sent,message_id 19e65d19be5203b2,,electrical contractor,,,,"Advert sent from Gmail as individual outreach."
2026-05-26,email,lance@lancecotnerelectric.com,https://play.google.com/store/apps/details?id=com.fieldbill.app,sent,message_id 19e65d1b85fe5c9c,,electrical contractor,,,,"Advert sent from Gmail as individual outreach."
2026-05-26,email,msielectriclynn@gmail.com,https://play.google.com/store/apps/details?id=com.fieldbill.app,sent,message_id 19e65d1d39a4f730,,electrical contractor,,,,"Advert sent from Gmail as individual outreach."
2026-05-26,email,troy@nussbaumelectrical.com,https://play.google.com/store/apps/details?id=com.fieldbill.app,sent,message_id 19e65d1f1ad70b88,,electrical contractor,,,,"Advert sent from Gmail as individual outreach."
2026-05-26,email,hudgarrett_plc@yahoo.com,https://play.google.com/store/apps/details?id=com.fieldbill.app,sent,message_id 19e65d221bea23e0,,electrical contractor,,,,"Advert sent from Gmail as individual outreach."
2026-05-26,email,mark@rileyelectriccompany.com,https://play.google.com/store/apps/details?id=com.fieldbill.app,sent,message_id 19e65d23c763712d,,electrical contractor,,,,"Advert sent from Gmail as individual outreach."
2026-05-26,email,schlosser_21@hotmail.com,https://play.google.com/store/apps/details?id=com.fieldbill.app,sent,message_id 19e65d25a097c56e,,electrical contractor,,,,"Advert sent from Gmail as individual outreach."
2026-05-26,email,office@shawneeelectric.com,https://play.google.com/store/apps/details?id=com.fieldbill.app,sent,message_id 19e65e67041eb095,,electrical contractor,,,,"Advert sent from Gmail as individual outreach after reconnect."
2026-05-26,email,totalelectric@totalelectco.com,https://play.google.com/store/apps/details?id=com.fieldbill.app,sent,message_id 19e65e688816cd4d,,electrical contractor,,,,"Advert sent from Gmail as individual outreach after reconnect."
2026-05-26,email,morriselectricalservice@gmail.com,https://play.google.com/store/apps/details?id=com.fieldbill.app,sent,message_id 19e65e6a04eb2ec0,,electrical contractor,,,,"Advert sent from Gmail as individual outreach after reconnect."
2026-05-26,email,operations@816SOLARPROS.COM,https://play.google.com/store/apps/details?id=com.fieldbill.app,sent,message_id 19e65e6b97e330b0,,solar contractor,,,,"Advert sent from Gmail as individual outreach after reconnect."
2026-05-26,email,ADMIN@AAELECTRICALINC.COM,https://play.google.com/store/apps/details?id=com.fieldbill.app,sent,message_id 19e65e6d2710f3f5,,electrical contractor,,,,"Advert sent from Gmail as individual outreach after reconnect."
2026-05-26,email,JStapleton@AidenMorrisElectric.com,https://play.google.com/store/apps/details?id=com.fieldbill.app,sent,message_id 19e65e6f1bcaa5a0,,electrical contractor,,,,"Advert sent from Gmail as individual outreach after reconnect."
2026-05-26,email,office@arrowcircleelectric.com,https://play.google.com/store/apps/details?id=com.fieldbill.app,sent,message_id 19e65e70bb405373,,electrical contractor,,,,"Advert sent from Gmail as individual outreach after reconnect."
2026-05-26,email,permits@bearpawelectric.com,https://play.google.com/store/apps/details?id=com.fieldbill.app,sent,message_id 19e65e728cf162b7,,electrical contractor,,,,"Advert sent from Gmail as individual outreach after reconnect."
2026-05-26,email,contact@bickimerelectric.com,https://play.google.com/store/apps/details?id=com.fieldbill.app,sent,message_id 19e65e740364a7d9,,electrical contractor,,,,"Advert sent from Gmail as individual outreach after reconnect."
2026-05-26,email,caseyelectricinc@sbcglobal.net,https://play.google.com/store/apps/details?id=com.fieldbill.app,sent,message_id 19e65e758cae3839,,electrical contractor,,,,"Advert sent from Gmail as individual outreach after reconnect."
2026-05-26,planning,100 public forum advert queue,docs/public-forum-100-adverts.csv,ready,,,,,,,Created 100-placement public forum/directory queue; post URLs must be logged after each real public submission.
2026-05-26,planning,100 country-targeted public advert queue,docs/public-forum-100-country-adverts.csv,ready,,,,,,,Created second 100-placement country-targeted public forum/directory queue; post URLs must be logged after each real public submission.
